channel,score
0,0.957501813625272
1,0.9436193365429005
2,0.9179845676976852
3,0.9843302776495417
4,0.9776033766405064
5,0.9822198773329817
6,0.9465277319791598
7,0.9649739497460924
